infestation,leaf_growth
0,0.042850908
0.033333333,0.064807767
0.066666667,0.222478438
0.1,0.41941089
0.133333333,0.50041365
0.166666667,0.785129076
0.2,0.8648735
0.233333333,0.881386989
0.266666667,0.892239725
0.3,0.970498576
0.3,1.000000000
0.377777778,1.000000000
0.455555556,1.000000000
0.533333333,1.000000000
0.611111111,1.000000000
0.688888889,0.943869226
0.766666667,1.000000000
0.844444444,1.000000000
0.922222222,1.000000000
1,1.000000000
